tree,Source,n,p
prediction.1,Beef,147,0.22580645161290322
prediction.1,Poultry,424,0.6513056835637481
prediction.1,Sheep,80,0.1228878648233487
prediction.10,Beef,136,0.20890937019969277
prediction.10,Poultry,417,0.6405529953917051
prediction.10,Sheep,98,0.15053763440860216
prediction.100,Beef,161,0.24731182795698925
prediction.100,Poultry,392,0.6021505376344086
prediction.100,Sheep,98,0.15053763440860216
prediction.101,Beef,193,0.2964669738863287
prediction.101,Poultry,345,0.5299539170506913
prediction.101,Sheep,113,0.17357910906298002
prediction.102,Beef,151,0.23195084485407066
prediction.102,Poultry,405,0.6221198156682027
prediction.102,Sheep,95,0.14592933947772657
prediction.103,Beef,140,0.21505376344086022
prediction.103,Poultry,424,0.6513056835637481
prediction.103,Sheep,87,0.1336405529953917
prediction.104,Beef,155,0.23809523809523808
prediction.104,Poultry,410,0.6298003072196621
prediction.104,Sheep,86,0.13210445468509985
prediction.105,Beef,171,0.2626728110599078
prediction.105,Poultry,391,0.6006144393241167
prediction.105,Sheep,89,0.13671274961597543
prediction.106,Beef,150,0.2304147465437788
prediction.106,Poultry,359,0.5514592933947773
prediction.106,Sheep,142,0.21812596006144394
prediction.107,Beef,139,0.21351766513056836
prediction.107,Poultry,398,0.6113671274961597
prediction.107,Sheep,114,0.17511520737327188
prediction.108,Beef,159,0.24423963133640553
prediction.108,Poultry,403,0.6190476190476191
prediction.108,Sheep,89,0.13671274961597543
prediction.109,Beef,153,0.2350230414746544
prediction.109,Poultry,379,0.5821812596006144
prediction.109,Sheep,119,0.1827956989247312
prediction.11,Beef,125,0.19201228878648233
prediction.11,Poultry,403,0.6190476190476191
prediction.11,Sheep,123,0.1889400921658986
prediction.110,Beef,137,0.21044546850998463
prediction.110,Poultry,369,0.5668202764976958
prediction.110,Sheep,145,0.2227342549923195
prediction.111,Beef,165,0.2534562211981567
prediction.111,Poultry,348,0.5345622119815668
prediction.111,Sheep,138,0.2119815668202765
prediction.112,Beef,127,0.19508448540706605
prediction.112,Poultry,401,0.6159754224270353
prediction.112,Sheep,123,0.1889400921658986
prediction.113,Beef,161,0.24731182795698925
prediction.113,Poultry,389,0.5975422427035331
prediction.113,Sheep,101,0.15514592933947774
prediction.114,Beef,188,0.2887864823348694
prediction.114,Poultry,372,0.5714285714285714
prediction.114,Sheep,91,0.13978494623655913
prediction.115,Beef,152,0.23348694316436253
prediction.115,Poultry,374,0.5745007680491552
prediction.115,Sheep,125,0.19201228878648233
prediction.116,Beef,143,0.2196620583717358
prediction.116,Poultry,406,0.6236559139784946
prediction.116,Sheep,102,0.15668202764976957
prediction.117,Beef,169,0.25960061443932414
prediction.117,Poultry,349,0.5360983102918587
prediction.117,Sheep,133,0.20430107526881722
prediction.118,Beef,160,0.2457757296466974
prediction.118,Poultry,385,0.5913978494623656
prediction.118,Sheep,106,0.16282642089093702
prediction.119,Beef,147,0.22580645161290322
prediction.119,Poultry,393,0.6036866359447005
prediction.119,Sheep,111,0.17050691244239632
prediction.12,Beef,146,0.22427035330261136
prediction.12,Poultry,422,0.6482334869431644
prediction.12,Sheep,83,0.12749615975422426
prediction.120,Beef,152,0.23348694316436253
prediction.120,Poultry,346,0.5314900153609831
prediction.120,Sheep,153,0.2350230414746544
prediction.121,Beef,148,0.22734254992319508
prediction.121,Poultry,358,0.5499231950844854
prediction.121,Sheep,145,0.2227342549923195
prediction.122,Beef,176,0.27035330261136714
prediction.122,Poultry,370,0.5683563748079877
prediction.122,Sheep,105,0.16129032258064516
prediction.123,Beef,149,0.22887864823348694
prediction.123,Poultry,406,0.6236559139784946
prediction.123,Sheep,96,0.14746543778801843
prediction.124,Beef,131,0.2012288786482335
prediction.124,Poultry,405,0.6221198156682027
prediction.124,Sheep,115,0.17665130568356374
prediction.125,Beef,180,0.2764976958525346
prediction.125,Poultry,364,0.5591397849462365
prediction.125,Sheep,107,0.16436251920122888
prediction.126,Beef,153,0.2350230414746544
prediction.126,Poultry,391,0.6006144393241167
prediction.126,Sheep,107,0.16436251920122888
prediction.127,Beef,163,0.25038402457757297
prediction.127,Poultry,409,0.6282642089093702
prediction.127,Sheep,79,0.12135176651305683
prediction.128,Beef,171,0.2626728110599078
prediction.128,Poultry,394,0.6052227342549923
prediction.128,Sheep,86,0.13210445468509985
prediction.129,Beef,150,0.2304147465437788
prediction.129,Poultry,374,0.5745007680491552
prediction.129,Sheep,127,0.19508448540706605
prediction.13,Beef,112,0.17204301075268819
prediction.13,Poultry,387,0.5944700460829493
prediction.13,Sheep,152,0.23348694316436253
prediction.130,Beef,145,0.2227342549923195
prediction.130,Poultry,359,0.5514592933947773
prediction.130,Sheep,147,0.22580645161290322
prediction.131,Beef,173,0.26574500768049153
prediction.131,Poultry,364,0.5591397849462365
prediction.131,Sheep,114,0.17511520737327188
prediction.132,Beef,169,0.25960061443932414
prediction.132,Poultry,384,0.5898617511520737
prediction.132,Sheep,98,0.15053763440860216
prediction.133,Beef,197,0.30261136712749614
prediction.133,Poultry,345,0.5299539170506913
prediction.133,Sheep,109,0.1674347158218126
prediction.134,Beef,183,0.28110599078341014
prediction.134,Poultry,387,0.5944700460829493
prediction.134,Sheep,81,0.12442396313364056
prediction.135,Beef,211,0.3241167434715822
prediction.135,Poultry,314,0.4823348694316436
prediction.135,Sheep,126,0.1935483870967742
prediction.136,Beef,200,0.30721966205837176
prediction.136,Poultry,338,0.5192012288786483
prediction.136,Sheep,113,0.17357910906298002
prediction.137,Beef,175,0.26881720430107525
prediction.137,Poultry,410,0.6298003072196621
prediction.137,Sheep,66,0.10138248847926268
prediction.138,Beef,170,0.261136712749616
prediction.138,Poultry,371,0.5698924731182796
prediction.138,Sheep,110,0.16897081413210446
prediction.139,Beef,143,0.2196620583717358
prediction.139,Poultry,378,0.5806451612903226
prediction.139,Sheep,130,0.19969278033794163
prediction.14,Beef,140,0.21505376344086022
prediction.14,Poultry,405,0.6221198156682027
prediction.14,Sheep,106,0.16282642089093702
prediction.140,Beef,160,0.2457757296466974
prediction.140,Poultry,349,0.5360983102918587
prediction.140,Sheep,142,0.21812596006144394
prediction.141,Beef,189,0.2903225806451613
prediction.141,Poultry,344,0.5284178187403994
prediction.141,Sheep,118,0.18125960061443933
prediction.142,Beef,160,0.2457757296466974
prediction.142,Poultry,416,0.6390168970814132
prediction.142,Sheep,75,0.1152073732718894
prediction.143,Beef,159,0.24423963133640553
prediction.143,Poultry,359,0.5514592933947773
prediction.143,Sheep,133,0.20430107526881722
prediction.144,Beef,124,0.19047619047619047
prediction.144,Poultry,432,0.663594470046083
prediction.144,Sheep,95,0.14592933947772657
prediction.145,Beef,145,0.2227342549923195
prediction.145,Poultry,383,0.5883256528417818
prediction.145,Sheep,123,0.1889400921658986
prediction.146,Beef,167,0.2565284178187404
prediction.146,Poultry,403,0.6190476190476191
prediction.146,Sheep,81,0.12442396313364056
prediction.147,Beef,120,0.18433179723502305
prediction.147,Poultry,365,0.5606758832565284
prediction.147,Sheep,166,0.25499231950844853
prediction.148,Beef,127,0.19508448540706605
prediction.148,Poultry,421,0.6466973886328725
prediction.148,Sheep,103,0.15821812596006143
prediction.149,Beef,144,0.22119815668202766
prediction.149,Poultry,361,0.554531490015361
prediction.149,Sheep,146,0.22427035330261136
prediction.15,Beef,161,0.24731182795698925
prediction.15,Poultry,327,0.5023041474654378
prediction.15,Sheep,163,0.25038402457757297
prediction.150,Beef,146,0.22427035330261136
prediction.150,Poultry,404,0.620583717357911
prediction.150,Sheep,101,0.15514592933947774
prediction.151,Beef,155,0.23809523809523808
prediction.151,Poultry,381,0.5852534562211982
prediction.151,Sheep,115,0.17665130568356374
prediction.152,Beef,162,0.2488479262672811
prediction.152,Poultry,385,0.5913978494623656
prediction.152,Sheep,104,0.1597542242703533
prediction.153,Beef,143,0.2196620583717358
prediction.153,Poultry,412,0.6328725038402457
prediction.153,Sheep,96,0.14746543778801843
prediction.154,Beef,105,0.16129032258064516
prediction.154,Poultry,442,0.6789554531490015
prediction.154,Sheep,104,0.1597542242703533
prediction.155,Beef,133,0.20430107526881722
prediction.155,Poultry,397,0.6098310291858678
prediction.155,Sheep,121,0.1858678955453149
prediction.156,Beef,96,0.14746543778801843
prediction.156,Poultry,375,0.576036866359447
prediction.156,Sheep,180,0.2764976958525346
prediction.157,Beef,136,0.20890937019969277
prediction.157,Poultry,386,0.5929339477726574
prediction.157,Sheep,129,0.19815668202764977
prediction.158,Beef,177,0.271889400921659
prediction.158,Poultry,386,0.5929339477726574
prediction.158,Sheep,88,0.13517665130568357
prediction.159,Beef,131,0.2012288786482335
prediction.159,Poultry,424,0.6513056835637481
prediction.159,Sheep,96,0.14746543778801843
prediction.16,Beef,120,0.18433179723502305
prediction.16,Poultry,406,0.6236559139784946
prediction.16,Sheep,125,0.19201228878648233
prediction.160,Beef,113,0.17357910906298002
prediction.160,Poultry,447,0.6866359447004609
prediction.160,Sheep,91,0.13978494623655913
prediction.161,Beef,144,0.22119815668202766
prediction.161,Poultry,387,0.5944700460829493
prediction.161,Sheep,120,0.18433179723502305
prediction.162,Beef,115,0.17665130568356374
prediction.162,Poultry,376,0.5775729646697388
prediction.162,Sheep,160,0.2457757296466974
prediction.163,Beef,136,0.20890937019969277
prediction.163,Poultry,352,0.5407066052227343
prediction.163,Sheep,163,0.25038402457757297
prediction.164,Beef,165,0.2534562211981567
prediction.164,Poultry,366,0.5622119815668203
prediction.164,Sheep,120,0.18433179723502305
prediction.165,Beef,136,0.20890937019969277
prediction.165,Poultry,361,0.554531490015361
prediction.165,Sheep,154,0.23655913978494625
prediction.166,Beef,144,0.22119815668202766
prediction.166,Poultry,399,0.6129032258064516
prediction.166,Sheep,108,0.16589861751152074
prediction.167,Beef,128,0.1966205837173579
prediction.167,Poultry,387,0.5944700460829493
prediction.167,Sheep,136,0.20890937019969277
prediction.168,Beef,179,0.2749615975422427
prediction.168,Poultry,382,0.5867895545314901
prediction.168,Sheep,90,0.1382488479262673
prediction.169,Beef,123,0.1889400921658986
prediction.169,Poultry,384,0.5898617511520737
prediction.169,Sheep,144,0.22119815668202766
prediction.17,Beef,148,0.22734254992319508
prediction.17,Poultry,398,0.6113671274961597
prediction.17,Sheep,105,0.16129032258064516
prediction.170,Beef,129,0.19815668202764977
prediction.170,Poultry,377,0.5791090629800307
prediction.170,Sheep,145,0.2227342549923195
prediction.171,Beef,170,0.261136712749616
prediction.171,Poultry,366,0.5622119815668203
prediction.171,Sheep,115,0.17665130568356374
prediction.172,Beef,154,0.23655913978494625
prediction.172,Poultry,387,0.5944700460829493
prediction.172,Sheep,110,0.16897081413210446
prediction.173,Beef,119,0.1827956989247312
prediction.173,Poultry,417,0.6405529953917051
prediction.173,Sheep,115,0.17665130568356374
prediction.174,Beef,126,0.1935483870967742
prediction.174,Poultry,428,0.6574500768049155
prediction.174,Sheep,97,0.1490015360983103
prediction.175,Beef,148,0.22734254992319508
prediction.175,Poultry,410,0.6298003072196621
prediction.175,Sheep,93,0.14285714285714285
prediction.176,Beef,139,0.21351766513056836
prediction.176,Poultry,374,0.5745007680491552
prediction.176,Sheep,138,0.2119815668202765
prediction.177,Beef,170,0.261136712749616
prediction.177,Poultry,363,0.5576036866359447
prediction.177,Sheep,118,0.18125960061443933
prediction.178,Beef,162,0.2488479262672811
prediction.178,Poultry,383,0.5883256528417818
prediction.178,Sheep,106,0.16282642089093702
prediction.179,Beef,144,0.22119815668202766
prediction.179,Poultry,409,0.6282642089093702
prediction.179,Sheep,98,0.15053763440860216
prediction.18,Beef,134,0.20583717357910905
prediction.18,Poultry,387,0.5944700460829493
prediction.18,Sheep,130,0.19969278033794163
prediction.180,Beef,144,0.22119815668202766
prediction.180,Poultry,354,0.543778801843318
prediction.180,Sheep,153,0.2350230414746544
prediction.181,Beef,101,0.15514592933947774
prediction.181,Poultry,438,0.6728110599078341
prediction.181,Sheep,112,0.17204301075268819
prediction.182,Beef,153,0.2350230414746544
prediction.182,Poultry,382,0.5867895545314901
prediction.182,Sheep,116,0.1781874039938556
prediction.183,Beef,150,0.2304147465437788
prediction.183,Poultry,368,0.565284178187404
prediction.183,Sheep,133,0.20430107526881722
prediction.184,Beef,172,0.2642089093701997
prediction.184,Poultry,378,0.5806451612903226
prediction.184,Sheep,101,0.15514592933947774
prediction.185,Beef,134,0.20583717357910905
prediction.185,Poultry,420,0.6451612903225806
prediction.185,Sheep,97,0.1490015360983103
prediction.186,Beef,111,0.17050691244239632
prediction.186,Poultry,428,0.6574500768049155
prediction.186,Sheep,112,0.17204301075268819
prediction.187,Beef,137,0.21044546850998463
prediction.187,Poultry,386,0.5929339477726574
prediction.187,Sheep,128,0.1966205837173579
prediction.188,Beef,133,0.20430107526881722
prediction.188,Poultry,403,0.6190476190476191
prediction.188,Sheep,115,0.17665130568356374
prediction.189,Beef,125,0.19201228878648233
prediction.189,Poultry,399,0.6129032258064516
prediction.189,Sheep,127,0.19508448540706605
prediction.19,Beef,138,0.2119815668202765
prediction.19,Poultry,397,0.6098310291858678
prediction.19,Sheep,116,0.1781874039938556
prediction.190,Beef,148,0.22734254992319508
prediction.190,Poultry,389,0.5975422427035331
prediction.190,Sheep,114,0.17511520737327188
prediction.191,Beef,139,0.21351766513056836
prediction.191,Poultry,363,0.5576036866359447
prediction.191,Sheep,149,0.22887864823348694
prediction.192,Beef,144,0.22119815668202766
prediction.192,Poultry,390,0.5990783410138248
prediction.192,Sheep,117,0.17972350230414746
prediction.193,Beef,153,0.2350230414746544
prediction.193,Poultry,378,0.5806451612903226
prediction.193,Sheep,120,0.18433179723502305
prediction.194,Beef,109,0.1674347158218126
prediction.194,Poultry,305,0.4685099846390169
prediction.194,Sheep,237,0.3640552995391705
prediction.195,Beef,142,0.21812596006144394
prediction.195,Poultry,411,0.631336405529954
prediction.195,Sheep,98,0.15053763440860216
prediction.196,Beef,172,0.2642089093701997
prediction.196,Poultry,371,0.5698924731182796
prediction.196,Sheep,108,0.16589861751152074
prediction.197,Beef,121,0.1858678955453149
prediction.197,Poultry,408,0.6267281105990783
prediction.197,Sheep,122,0.18740399385560677
prediction.198,Beef,155,0.23809523809523808
prediction.198,Poultry,350,0.5376344086021505
prediction.198,Sheep,146,0.22427035330261136
prediction.199,Beef,142,0.21812596006144394
prediction.199,Poultry,363,0.5576036866359447
prediction.199,Sheep,146,0.22427035330261136
prediction.2,Beef,169,0.25960061443932414
prediction.2,Poultry,378,0.5806451612903226
prediction.2,Sheep,104,0.1597542242703533
prediction.20,Beef,132,0.20276497695852536
prediction.20,Poultry,414,0.6359447004608295
prediction.20,Sheep,105,0.16129032258064516
prediction.200,Beef,165,0.2534562211981567
prediction.200,Poultry,368,0.565284178187404
prediction.200,Sheep,118,0.18125960061443933
prediction.201,Beef,125,0.19201228878648233
prediction.201,Poultry,408,0.6267281105990783
prediction.201,Sheep,118,0.18125960061443933
prediction.202,Beef,125,0.19201228878648233
prediction.202,Poultry,437,0.6712749615975423
prediction.202,Sheep,89,0.13671274961597543
prediction.203,Beef,134,0.20583717357910905
prediction.203,Poultry,408,0.6267281105990783
prediction.203,Sheep,109,0.1674347158218126
prediction.204,Beef,145,0.2227342549923195
prediction.204,Poultry,395,0.6067588325652842
prediction.204,Sheep,111,0.17050691244239632
prediction.205,Beef,168,0.25806451612903225
prediction.205,Poultry,370,0.5683563748079877
prediction.205,Sheep,113,0.17357910906298002
prediction.206,Beef,178,0.27342549923195086
prediction.206,Poultry,386,0.5929339477726574
prediction.206,Sheep,87,0.1336405529953917
prediction.207,Beef,191,0.29339477726574503
prediction.207,Poultry,349,0.5360983102918587
prediction.207,Sheep,111,0.17050691244239632
prediction.208,Beef,167,0.2565284178187404
prediction.208,Poultry,387,0.5944700460829493
prediction.208,Sheep,97,0.1490015360983103
prediction.209,Beef,155,0.23809523809523808
prediction.209,Poultry,393,0.6036866359447005
prediction.209,Sheep,103,0.15821812596006143
prediction.21,Beef,127,0.19508448540706605
prediction.21,Poultry,418,0.642089093701997
prediction.21,Sheep,106,0.16282642089093702
prediction.210,Beef,167,0.2565284178187404
prediction.210,Poultry,380,0.5837173579109063
prediction.210,Sheep,104,0.1597542242703533
prediction.211,Beef,188,0.2887864823348694
prediction.211,Poultry,340,0.522273425499232
prediction.211,Sheep,123,0.1889400921658986
prediction.212,Beef,152,0.23348694316436253
prediction.212,Poultry,365,0.5606758832565284
prediction.212,Sheep,134,0.20583717357910905
prediction.213,Beef,208,0.3195084485407066
prediction.213,Poultry,340,0.522273425499232
prediction.213,Sheep,103,0.15821812596006143
prediction.214,Beef,167,0.2565284178187404
prediction.214,Poultry,382,0.5867895545314901
prediction.214,Sheep,102,0.15668202764976957
prediction.215,Beef,177,0.271889400921659
prediction.215,Poultry,378,0.5806451612903226
prediction.215,Sheep,96,0.14746543778801843
prediction.216,Beef,190,0.29185867895545314
prediction.216,Poultry,362,0.5560675883256528
prediction.216,Sheep,99,0.15207373271889402
prediction.217,Beef,147,0.22580645161290322
prediction.217,Poultry,411,0.631336405529954
prediction.217,Sheep,93,0.14285714285714285
prediction.218,Beef,159,0.24423963133640553
prediction.218,Poultry,373,0.5729646697388633
prediction.218,Sheep,119,0.1827956989247312
prediction.219,Beef,156,0.23963133640552994
prediction.219,Poultry,398,0.6113671274961597
prediction.219,Sheep,97,0.1490015360983103
prediction.22,Beef,136,0.20890937019969277
prediction.22,Poultry,398,0.6113671274961597
prediction.22,Sheep,117,0.17972350230414746
prediction.220,Beef,161,0.24731182795698925
prediction.220,Poultry,376,0.5775729646697388
prediction.220,Sheep,114,0.17511520737327188
prediction.221,Beef,117,0.17972350230414746
prediction.221,Poultry,407,0.6251920122887865
prediction.221,Sheep,127,0.19508448540706605
prediction.222,Beef,128,0.1966205837173579
prediction.222,Poultry,435,0.6682027649769585
prediction.222,Sheep,88,0.13517665130568357
prediction.223,Beef,129,0.19815668202764977
prediction.223,Poultry,407,0.6251920122887865
prediction.223,Sheep,115,0.17665130568356374
prediction.224,Beef,172,0.2642089093701997
prediction.224,Poultry,384,0.5898617511520737
prediction.224,Sheep,95,0.14592933947772657
prediction.225,Beef,126,0.1935483870967742
prediction.225,Poultry,390,0.5990783410138248
prediction.225,Sheep,135,0.2073732718894009
prediction.226,Beef,157,0.2411674347158218
prediction.226,Poultry,413,0.6344086021505376
prediction.226,Sheep,81,0.12442396313364056
prediction.227,Beef,176,0.27035330261136714
prediction.227,Poultry,373,0.5729646697388633
prediction.227,Sheep,102,0.15668202764976957
prediction.228,Beef,148,0.22734254992319508
prediction.228,Poultry,399,0.6129032258064516
prediction.228,Sheep,104,0.1597542242703533
prediction.229,Beef,163,0.25038402457757297
prediction.229,Poultry,395,0.6067588325652842
prediction.229,Sheep,93,0.14285714285714285
prediction.23,Beef,150,0.2304147465437788
prediction.23,Poultry,386,0.5929339477726574
prediction.23,Sheep,115,0.17665130568356374
prediction.230,Beef,177,0.271889400921659
prediction.230,Poultry,369,0.5668202764976958
prediction.230,Sheep,105,0.16129032258064516
prediction.231,Beef,117,0.17972350230414746
prediction.231,Poultry,394,0.6052227342549923
prediction.231,Sheep,140,0.21505376344086022
prediction.232,Beef,158,0.24270353302611367
prediction.232,Poultry,407,0.6251920122887865
prediction.232,Sheep,86,0.13210445468509985
prediction.233,Beef,150,0.2304147465437788
prediction.233,Poultry,369,0.5668202764976958
prediction.233,Sheep,132,0.20276497695852536
prediction.234,Beef,115,0.17665130568356374
prediction.234,Poultry,408,0.6267281105990783
prediction.234,Sheep,128,0.1966205837173579
prediction.235,Beef,171,0.2626728110599078
prediction.235,Poultry,393,0.6036866359447005
prediction.235,Sheep,87,0.1336405529953917
prediction.236,Beef,165,0.2534562211981567
prediction.236,Poultry,391,0.6006144393241167
prediction.236,Sheep,95,0.14592933947772657
prediction.237,Beef,171,0.2626728110599078
prediction.237,Poultry,364,0.5591397849462365
prediction.237,Sheep,116,0.1781874039938556
prediction.238,Beef,152,0.23348694316436253
prediction.238,Poultry,375,0.576036866359447
prediction.238,Sheep,124,0.19047619047619047
prediction.239,Beef,165,0.2534562211981567
prediction.239,Poultry,346,0.5314900153609831
prediction.239,Sheep,140,0.21505376344086022
prediction.24,Beef,163,0.25038402457757297
prediction.24,Poultry,400,0.6144393241167435
prediction.24,Sheep,88,0.13517665130568357
prediction.240,Beef,173,0.26574500768049153
prediction.240,Poultry,382,0.5867895545314901
prediction.240,Sheep,96,0.14746543778801843
prediction.241,Beef,178,0.27342549923195086
prediction.241,Poultry,375,0.576036866359447
prediction.241,Sheep,98,0.15053763440860216
prediction.242,Beef,167,0.2565284178187404
prediction.242,Poultry,368,0.565284178187404
prediction.242,Sheep,116,0.1781874039938556
prediction.243,Beef,131,0.2012288786482335
prediction.243,Poultry,395,0.6067588325652842
prediction.243,Sheep,125,0.19201228878648233
prediction.244,Beef,143,0.2196620583717358
prediction.244,Poultry,406,0.6236559139784946
prediction.244,Sheep,102,0.15668202764976957
prediction.245,Beef,178,0.27342549923195086
prediction.245,Poultry,367,0.5637480798771122
prediction.245,Sheep,106,0.16282642089093702
prediction.246,Beef,150,0.2304147465437788
prediction.246,Poultry,384,0.5898617511520737
prediction.246,Sheep,117,0.17972350230414746
prediction.247,Beef,121,0.1858678955453149
prediction.247,Poultry,409,0.6282642089093702
prediction.247,Sheep,121,0.1858678955453149
prediction.248,Beef,154,0.23655913978494625
prediction.248,Poultry,383,0.5883256528417818
prediction.248,Sheep,114,0.17511520737327188
prediction.249,Beef,152,0.23348694316436253
prediction.249,Poultry,397,0.6098310291858678
prediction.249,Sheep,102,0.15668202764976957
prediction.25,Beef,146,0.22427035330261136
prediction.25,Poultry,379,0.5821812596006144
prediction.25,Sheep,126,0.1935483870967742
prediction.250,Beef,191,0.29339477726574503
prediction.250,Poultry,375,0.576036866359447
prediction.250,Sheep,85,0.130568356374808
prediction.251,Beef,144,0.22119815668202766
prediction.251,Poultry,349,0.5360983102918587
prediction.251,Sheep,158,0.24270353302611367
prediction.252,Beef,167,0.2565284178187404
prediction.252,Poultry,388,0.5960061443932412
prediction.252,Sheep,96,0.14746543778801843
prediction.253,Beef,164,0.2519201228878648
prediction.253,Poultry,374,0.5745007680491552
prediction.253,Sheep,113,0.17357910906298002
prediction.254,Beef,131,0.2012288786482335
prediction.254,Poultry,402,0.6175115207373272
prediction.254,Sheep,118,0.18125960061443933
prediction.255,Beef,173,0.26574500768049153
prediction.255,Poultry,364,0.5591397849462365
prediction.255,Sheep,114,0.17511520737327188
prediction.256,Beef,155,0.23809523809523808
prediction.256,Poultry,382,0.5867895545314901
prediction.256,Sheep,114,0.17511520737327188
prediction.257,Beef,107,0.16436251920122888
prediction.257,Poultry,435,0.6682027649769585
prediction.257,Sheep,109,0.1674347158218126
prediction.258,Beef,137,0.21044546850998463
prediction.258,Poultry,421,0.6466973886328725
prediction.258,Sheep,93,0.14285714285714285
prediction.259,Beef,164,0.2519201228878648
prediction.259,Poultry,373,0.5729646697388633
prediction.259,Sheep,114,0.17511520737327188
prediction.26,Beef,190,0.29185867895545314
prediction.26,Poultry,336,0.5161290322580645
prediction.26,Sheep,125,0.19201228878648233
prediction.260,Beef,166,0.25499231950844853
prediction.260,Poultry,328,0.5038402457757296
prediction.260,Sheep,157,0.2411674347158218
prediction.261,Beef,139,0.21351766513056836
prediction.261,Poultry,386,0.5929339477726574
prediction.261,Sheep,126,0.1935483870967742
prediction.262,Beef,182,0.27956989247311825
prediction.262,Poultry,307,0.4715821812596006
prediction.262,Sheep,162,0.2488479262672811
prediction.263,Beef,214,0.32872503840245776
prediction.263,Poultry,343,0.5268817204301075
prediction.263,Sheep,94,0.1443932411674347
prediction.264,Beef,131,0.2012288786482335
prediction.264,Poultry,403,0.6190476190476191
prediction.264,Sheep,117,0.17972350230414746
prediction.265,Beef,189,0.2903225806451613
prediction.265,Poultry,372,0.5714285714285714
prediction.265,Sheep,90,0.1382488479262673
prediction.266,Beef,120,0.18433179723502305
prediction.266,Poultry,421,0.6466973886328725
prediction.266,Sheep,110,0.16897081413210446
prediction.267,Beef,109,0.1674347158218126
prediction.267,Poultry,444,0.6820276497695853
prediction.267,Sheep,98,0.15053763440860216
prediction.268,Beef,137,0.21044546850998463
prediction.268,Poultry,388,0.5960061443932412
prediction.268,Sheep,126,0.1935483870967742
prediction.269,Beef,177,0.271889400921659
prediction.269,Poultry,378,0.5806451612903226
prediction.269,Sheep,96,0.14746543778801843
prediction.27,Beef,112,0.17204301075268819
prediction.27,Poultry,397,0.6098310291858678
prediction.27,Sheep,142,0.21812596006144394
prediction.270,Beef,157,0.2411674347158218
prediction.270,Poultry,366,0.5622119815668203
prediction.270,Sheep,128,0.1966205837173579
prediction.271,Beef,129,0.19815668202764977
prediction.271,Poultry,379,0.5821812596006144
prediction.271,Sheep,143,0.2196620583717358
prediction.272,Beef,116,0.1781874039938556
prediction.272,Poultry,374,0.5745007680491552
prediction.272,Sheep,161,0.24731182795698925
prediction.273,Beef,129,0.19815668202764977
prediction.273,Poultry,389,0.5975422427035331
prediction.273,Sheep,133,0.20430107526881722
prediction.274,Beef,130,0.19969278033794163
prediction.274,Poultry,420,0.6451612903225806
prediction.274,Sheep,101,0.15514592933947774
prediction.275,Beef,129,0.19815668202764977
prediction.275,Poultry,396,0.6082949308755761
prediction.275,Sheep,126,0.1935483870967742
prediction.276,Beef,237,0.3640552995391705
prediction.276,Poultry,322,0.4946236559139785
prediction.276,Sheep,92,0.141321044546851
prediction.277,Beef,137,0.21044546850998463
prediction.277,Poultry,400,0.6144393241167435
prediction.277,Sheep,114,0.17511520737327188
prediction.278,Beef,116,0.1781874039938556
prediction.278,Poultry,418,0.642089093701997
prediction.278,Sheep,117,0.17972350230414746
prediction.279,Beef,148,0.22734254992319508
prediction.279,Poultry,360,0.5529953917050692
prediction.279,Sheep,143,0.2196620583717358
prediction.28,Beef,155,0.23809523809523808
prediction.28,Poultry,400,0.6144393241167435
prediction.28,Sheep,96,0.14746543778801843
prediction.280,Beef,169,0.25960061443932414
prediction.280,Poultry,363,0.5576036866359447
prediction.280,Sheep,119,0.1827956989247312
prediction.281,Beef,146,0.22427035330261136
prediction.281,Poultry,369,0.5668202764976958
prediction.281,Sheep,136,0.20890937019969277
prediction.282,Beef,207,0.31797235023041476
prediction.282,Poultry,349,0.5360983102918587
prediction.282,Sheep,95,0.14592933947772657
prediction.283,Beef,169,0.25960061443932414
prediction.283,Poultry,385,0.5913978494623656
prediction.283,Sheep,97,0.1490015360983103
prediction.284,Beef,134,0.20583717357910905
prediction.284,Poultry,398,0.6113671274961597
prediction.284,Sheep,119,0.1827956989247312
prediction.285,Beef,108,0.16589861751152074
prediction.285,Poultry,416,0.6390168970814132
prediction.285,Sheep,127,0.19508448540706605
prediction.286,Beef,150,0.2304147465437788
prediction.286,Poultry,387,0.5944700460829493
prediction.286,Sheep,114,0.17511520737327188
prediction.287,Beef,100,0.15360983102918588
prediction.287,Poultry,399,0.6129032258064516
prediction.287,Sheep,152,0.23348694316436253
prediction.288,Beef,156,0.23963133640552994
prediction.288,Poultry,376,0.5775729646697388
prediction.288,Sheep,119,0.1827956989247312
prediction.289,Beef,127,0.19508448540706605
prediction.289,Poultry,424,0.6513056835637481
prediction.289,Sheep,100,0.15360983102918588
prediction.29,Beef,128,0.1966205837173579
prediction.29,Poultry,419,0.6436251920122887
prediction.29,Sheep,104,0.1597542242703533
prediction.290,Beef,193,0.2964669738863287
prediction.290,Poultry,361,0.554531490015361
prediction.290,Sheep,97,0.1490015360983103
prediction.291,Beef,196,0.3010752688172043
prediction.291,Poultry,320,0.4915514592933948
prediction.291,Sheep,135,0.2073732718894009
prediction.292,Beef,107,0.16436251920122888
prediction.292,Poultry,409,0.6282642089093702
prediction.292,Sheep,135,0.2073732718894009
prediction.293,Beef,119,0.1827956989247312
prediction.293,Poultry,395,0.6067588325652842
prediction.293,Sheep,137,0.21044546850998463
prediction.294,Beef,176,0.27035330261136714
prediction.294,Poultry,382,0.5867895545314901
prediction.294,Sheep,93,0.14285714285714285
prediction.295,Beef,170,0.261136712749616
prediction.295,Poultry,394,0.6052227342549923
prediction.295,Sheep,87,0.1336405529953917
prediction.296,Beef,106,0.16282642089093702
prediction.296,Poultry,356,0.5468509984639017
prediction.296,Sheep,189,0.2903225806451613
prediction.297,Beef,168,0.25806451612903225
prediction.297,Poultry,392,0.6021505376344086
prediction.297,Sheep,91,0.13978494623655913
prediction.298,Beef,185,0.28417818740399386
prediction.298,Poultry,332,0.5099846390168971
prediction.298,Sheep,134,0.20583717357910905
prediction.299,Beef,152,0.23348694316436253
prediction.299,Poultry,397,0.6098310291858678
prediction.299,Sheep,102,0.15668202764976957
prediction.3,Beef,130,0.19969278033794163
prediction.3,Poultry,361,0.554531490015361
prediction.3,Sheep,160,0.2457757296466974
prediction.30,Beef,181,0.2780337941628264
prediction.30,Poultry,350,0.5376344086021505
prediction.30,Sheep,120,0.18433179723502305
prediction.300,Beef,190,0.29185867895545314
prediction.300,Poultry,386,0.5929339477726574
prediction.300,Sheep,75,0.1152073732718894
prediction.301,Beef,167,0.2565284178187404
prediction.301,Poultry,353,0.5422427035330261
prediction.301,Sheep,131,0.2012288786482335
prediction.302,Beef,125,0.19201228878648233
prediction.302,Poultry,376,0.5775729646697388
prediction.302,Sheep,150,0.2304147465437788
prediction.303,Beef,147,0.22580645161290322
prediction.303,Poultry,418,0.642089093701997
prediction.303,Sheep,86,0.13210445468509985
prediction.304,Beef,153,0.2350230414746544
prediction.304,Poultry,391,0.6006144393241167
prediction.304,Sheep,107,0.16436251920122888
prediction.305,Beef,119,0.1827956989247312
prediction.305,Poultry,408,0.6267281105990783
prediction.305,Sheep,124,0.19047619047619047
prediction.306,Beef,128,0.1966205837173579
prediction.306,Poultry,386,0.5929339477726574
prediction.306,Sheep,137,0.21044546850998463
prediction.307,Beef,153,0.2350230414746544
prediction.307,Poultry,393,0.6036866359447005
prediction.307,Sheep,105,0.16129032258064516
prediction.308,Beef,124,0.19047619047619047
prediction.308,Poultry,409,0.6282642089093702
prediction.308,Sheep,118,0.18125960061443933
prediction.309,Beef,154,0.23655913978494625
prediction.309,Poultry,374,0.5745007680491552
prediction.309,Sheep,123,0.1889400921658986
prediction.31,Beef,150,0.2304147465437788
prediction.31,Poultry,370,0.5683563748079877
prediction.31,Sheep,131,0.2012288786482335
prediction.310,Beef,155,0.23809523809523808
prediction.310,Poultry,385,0.5913978494623656
prediction.310,Sheep,111,0.17050691244239632
prediction.311,Beef,116,0.1781874039938556
prediction.311,Poultry,401,0.6159754224270353
prediction.311,Sheep,134,0.20583717357910905
prediction.312,Beef,180,0.2764976958525346
prediction.312,Poultry,358,0.5499231950844854
prediction.312,Sheep,113,0.17357910906298002
prediction.313,Beef,139,0.21351766513056836
prediction.313,Poultry,375,0.576036866359447
prediction.313,Sheep,137,0.21044546850998463
prediction.314,Beef,136,0.20890937019969277
prediction.314,Poultry,422,0.6482334869431644
prediction.314,Sheep,93,0.14285714285714285
prediction.315,Beef,148,0.22734254992319508
prediction.315,Poultry,378,0.5806451612903226
prediction.315,Sheep,125,0.19201228878648233
prediction.316,Beef,194,0.2980030721966206
prediction.316,Poultry,331,0.5084485407066052
prediction.316,Sheep,126,0.1935483870967742
prediction.317,Beef,168,0.25806451612903225
prediction.317,Poultry,384,0.5898617511520737
prediction.317,Sheep,99,0.15207373271889402
prediction.318,Beef,165,0.2534562211981567
prediction.318,Poultry,351,0.5391705069124424
prediction.318,Sheep,135,0.2073732718894009
prediction.319,Beef,169,0.25960061443932414
prediction.319,Poultry,372,0.5714285714285714
prediction.319,Sheep,110,0.16897081413210446
prediction.32,Beef,154,0.23655913978494625
prediction.32,Poultry,404,0.620583717357911
prediction.32,Sheep,93,0.14285714285714285
prediction.320,Beef,138,0.2119815668202765
prediction.320,Poultry,361,0.554531490015361
prediction.320,Sheep,152,0.23348694316436253
prediction.321,Beef,176,0.27035330261136714
prediction.321,Poultry,386,0.5929339477726574
prediction.321,Sheep,89,0.13671274961597543
prediction.322,Beef,124,0.19047619047619047
prediction.322,Poultry,393,0.6036866359447005
prediction.322,Sheep,134,0.20583717357910905
prediction.323,Beef,125,0.19201228878648233
prediction.323,Poultry,406,0.6236559139784946
prediction.323,Sheep,120,0.18433179723502305
prediction.324,Beef,156,0.23963133640552994
prediction.324,Poultry,389,0.5975422427035331
prediction.324,Sheep,106,0.16282642089093702
prediction.325,Beef,123,0.1889400921658986
prediction.325,Poultry,407,0.6251920122887865
prediction.325,Sheep,121,0.1858678955453149
prediction.326,Beef,156,0.23963133640552994
prediction.326,Poultry,424,0.6513056835637481
prediction.326,Sheep,71,0.10906298003072197
prediction.327,Beef,153,0.2350230414746544
prediction.327,Poultry,364,0.5591397849462365
prediction.327,Sheep,134,0.20583717357910905
prediction.328,Beef,125,0.19201228878648233
prediction.328,Poultry,413,0.6344086021505376
prediction.328,Sheep,113,0.17357910906298002
prediction.329,Beef,159,0.24423963133640553
prediction.329,Poultry,376,0.5775729646697388
prediction.329,Sheep,116,0.1781874039938556
prediction.33,Beef,140,0.21505376344086022
prediction.33,Poultry,392,0.6021505376344086
prediction.33,Sheep,119,0.1827956989247312
prediction.330,Beef,158,0.24270353302611367
prediction.330,Poultry,373,0.5729646697388633
prediction.330,Sheep,120,0.18433179723502305
prediction.331,Beef,162,0.2488479262672811
prediction.331,Poultry,394,0.6052227342549923
prediction.331,Sheep,95,0.14592933947772657
prediction.332,Beef,163,0.25038402457757297
prediction.332,Poultry,388,0.5960061443932412
prediction.332,Sheep,100,0.15360983102918588
prediction.333,Beef,157,0.2411674347158218
prediction.333,Poultry,378,0.5806451612903226
prediction.333,Sheep,116,0.1781874039938556
prediction.334,Beef,149,0.22887864823348694
prediction.334,Poultry,356,0.5468509984639017
prediction.334,Sheep,146,0.22427035330261136
prediction.335,Beef,123,0.1889400921658986
prediction.335,Poultry,394,0.6052227342549923
prediction.335,Sheep,134,0.20583717357910905
prediction.336,Beef,111,0.17050691244239632
prediction.336,Poultry,431,0.6620583717357911
prediction.336,Sheep,109,0.1674347158218126
prediction.337,Beef,164,0.2519201228878648
prediction.337,Poultry,387,0.5944700460829493
prediction.337,Sheep,100,0.15360983102918588
prediction.338,Beef,145,0.2227342549923195
prediction.338,Poultry,385,0.5913978494623656
prediction.338,Sheep,121,0.1858678955453149
prediction.339,Beef,170,0.261136712749616
prediction.339,Poultry,394,0.6052227342549923
prediction.339,Sheep,87,0.1336405529953917
prediction.34,Beef,117,0.17972350230414746
prediction.34,Poultry,422,0.6482334869431644
prediction.34,Sheep,112,0.17204301075268819
prediction.340,Beef,132,0.20276497695852536
prediction.340,Poultry,402,0.6175115207373272
prediction.340,Sheep,117,0.17972350230414746
prediction.341,Beef,166,0.25499231950844853
prediction.341,Poultry,371,0.5698924731182796
prediction.341,Sheep,114,0.17511520737327188
prediction.342,Beef,192,0.29493087557603687
prediction.342,Poultry,344,0.5284178187403994
prediction.342,Sheep,115,0.17665130568356374
prediction.343,Beef,163,0.25038402457757297
prediction.343,Poultry,355,0.5453149001536098
prediction.343,Sheep,133,0.20430107526881722
prediction.344,Beef,158,0.24270353302611367
prediction.344,Poultry,404,0.620583717357911
prediction.344,Sheep,89,0.13671274961597543
prediction.345,Beef,151,0.23195084485407066
prediction.345,Poultry,394,0.6052227342549923
prediction.345,Sheep,106,0.16282642089093702
prediction.346,Beef,121,0.1858678955453149
prediction.346,Poultry,410,0.6298003072196621
prediction.346,Sheep,120,0.18433179723502305
prediction.347,Beef,118,0.18125960061443933
prediction.347,Poultry,379,0.5821812596006144
prediction.347,Sheep,154,0.23655913978494625
prediction.348,Beef,114,0.17511520737327188
prediction.348,Poultry,417,0.6405529953917051
prediction.348,Sheep,120,0.18433179723502305
prediction.349,Beef,90,0.1382488479262673
prediction.349,Poultry,414,0.6359447004608295
prediction.349,Sheep,147,0.22580645161290322
prediction.35,Beef,148,0.22734254992319508
prediction.35,Poultry,404,0.620583717357911
prediction.35,Sheep,99,0.15207373271889402
prediction.350,Beef,158,0.24270353302611367
prediction.350,Poultry,364,0.5591397849462365
prediction.350,Sheep,129,0.19815668202764977
prediction.351,Beef,145,0.2227342549923195
prediction.351,Poultry,375,0.576036866359447
prediction.351,Sheep,131,0.2012288786482335
prediction.352,Beef,137,0.21044546850998463
prediction.352,Poultry,396,0.6082949308755761
prediction.352,Sheep,118,0.18125960061443933
prediction.353,Beef,148,0.22734254992319508
prediction.353,Poultry,417,0.6405529953917051
prediction.353,Sheep,86,0.13210445468509985
prediction.354,Beef,108,0.16589861751152074
prediction.354,Poultry,408,0.6267281105990783
prediction.354,Sheep,135,0.2073732718894009
prediction.355,Beef,177,0.271889400921659
prediction.355,Poultry,369,0.5668202764976958
prediction.355,Sheep,105,0.16129032258064516
prediction.356,Beef,174,0.2672811059907834
prediction.356,Poultry,368,0.565284178187404
prediction.356,Sheep,109,0.1674347158218126
prediction.357,Beef,150,0.2304147465437788
prediction.357,Poultry,367,0.5637480798771122
prediction.357,Sheep,134,0.20583717357910905
prediction.358,Beef,127,0.19508448540706605
prediction.358,Poultry,418,0.642089093701997
prediction.358,Sheep,106,0.16282642089093702
prediction.359,Beef,136,0.20890937019969277
prediction.359,Poultry,397,0.6098310291858678
prediction.359,Sheep,118,0.18125960061443933
prediction.36,Beef,133,0.20430107526881722
prediction.36,Poultry,341,0.5238095238095238
prediction.36,Sheep,177,0.271889400921659
prediction.360,Beef,137,0.21044546850998463
prediction.360,Poultry,375,0.576036866359447
prediction.360,Sheep,139,0.21351766513056836
prediction.361,Beef,123,0.1889400921658986
prediction.361,Poultry,438,0.6728110599078341
prediction.361,Sheep,90,0.1382488479262673
prediction.362,Beef,125,0.19201228878648233
prediction.362,Poultry,402,0.6175115207373272
prediction.362,Sheep,124,0.19047619047619047
prediction.363,Beef,140,0.21505376344086022
prediction.363,Poultry,370,0.5683563748079877
prediction.363,Sheep,141,0.21658986175115208
prediction.364,Beef,158,0.24270353302611367
prediction.364,Poultry,380,0.5837173579109063
prediction.364,Sheep,113,0.17357910906298002
prediction.365,Beef,159,0.24423963133640553
prediction.365,Poultry,379,0.5821812596006144
prediction.365,Sheep,113,0.17357910906298002
prediction.366,Beef,174,0.2672811059907834
prediction.366,Poultry,369,0.5668202764976958
prediction.366,Sheep,108,0.16589861751152074
prediction.367,Beef,134,0.20583717357910905
prediction.367,Poultry,363,0.5576036866359447
prediction.367,Sheep,154,0.23655913978494625
prediction.368,Beef,135,0.2073732718894009
prediction.368,Poultry,393,0.6036866359447005
prediction.368,Sheep,123,0.1889400921658986
prediction.369,Beef,180,0.2764976958525346
prediction.369,Poultry,382,0.5867895545314901
prediction.369,Sheep,89,0.13671274961597543
prediction.37,Beef,128,0.1966205837173579
prediction.37,Poultry,411,0.631336405529954
prediction.37,Sheep,112,0.17204301075268819
prediction.370,Beef,191,0.29339477726574503
prediction.370,Poultry,356,0.5468509984639017
prediction.370,Sheep,104,0.1597542242703533
prediction.371,Beef,155,0.23809523809523808
prediction.371,Poultry,421,0.6466973886328725
prediction.371,Sheep,75,0.1152073732718894
prediction.372,Beef,125,0.19201228878648233
prediction.372,Poultry,391,0.6006144393241167
prediction.372,Sheep,135,0.2073732718894009
prediction.373,Beef,163,0.25038402457757297
prediction.373,Poultry,376,0.5775729646697388
prediction.373,Sheep,112,0.17204301075268819
prediction.374,Beef,176,0.27035330261136714
prediction.374,Poultry,386,0.5929339477726574
prediction.374,Sheep,89,0.13671274961597543
prediction.375,Beef,129,0.19815668202764977
prediction.375,Poultry,370,0.5683563748079877
prediction.375,Sheep,152,0.23348694316436253
prediction.376,Beef,145,0.2227342549923195
prediction.376,Poultry,394,0.6052227342549923
prediction.376,Sheep,112,0.17204301075268819
prediction.377,Beef,105,0.16129032258064516
prediction.377,Poultry,429,0.6589861751152074
prediction.377,Sheep,117,0.17972350230414746
prediction.378,Beef,114,0.17511520737327188
prediction.378,Poultry,383,0.5883256528417818
prediction.378,Sheep,154,0.23655913978494625
prediction.379,Beef,177,0.271889400921659
prediction.379,Poultry,376,0.5775729646697388
prediction.379,Sheep,98,0.15053763440860216
prediction.38,Beef,142,0.21812596006144394
prediction.38,Poultry,392,0.6021505376344086
prediction.38,Sheep,117,0.17972350230414746
prediction.380,Beef,130,0.19969278033794163
prediction.380,Poultry,351,0.5391705069124424
prediction.380,Sheep,170,0.261136712749616
prediction.381,Beef,118,0.18125960061443933
prediction.381,Poultry,429,0.6589861751152074
prediction.381,Sheep,104,0.1597542242703533
prediction.382,Beef,216,0.3317972350230415
prediction.382,Poultry,313,0.4807987711213518
prediction.382,Sheep,122,0.18740399385560677
prediction.383,Beef,193,0.2964669738863287
prediction.383,Poultry,384,0.5898617511520737
prediction.383,Sheep,74,0.11367127496159754
prediction.384,Beef,168,0.25806451612903225
prediction.384,Poultry,346,0.5314900153609831
prediction.384,Sheep,137,0.21044546850998463
prediction.385,Beef,147,0.22580645161290322
prediction.385,Poultry,348,0.5345622119815668
prediction.385,Sheep,156,0.23963133640552994
prediction.386,Beef,137,0.21044546850998463
prediction.386,Poultry,409,0.6282642089093702
prediction.386,Sheep,105,0.16129032258064516
prediction.387,Beef,146,0.22427035330261136
prediction.387,Poultry,356,0.5468509984639017
prediction.387,Sheep,149,0.22887864823348694
prediction.388,Beef,200,0.30721966205837176
prediction.388,Poultry,343,0.5268817204301075
prediction.388,Sheep,108,0.16589861751152074
prediction.389,Beef,159,0.24423963133640553
prediction.389,Poultry,376,0.5775729646697388
prediction.389,Sheep,116,0.1781874039938556
prediction.39,Beef,170,0.261136712749616
prediction.39,Poultry,311,0.47772657450076805
prediction.39,Sheep,170,0.261136712749616
prediction.390,Beef,178,0.27342549923195086
prediction.390,Poultry,356,0.5468509984639017
prediction.390,Sheep,117,0.17972350230414746
prediction.391,Beef,155,0.23809523809523808
prediction.391,Poultry,369,0.5668202764976958
prediction.391,Sheep,127,0.19508448540706605
prediction.392,Beef,147,0.22580645161290322
prediction.392,Poultry,382,0.5867895545314901
prediction.392,Sheep,122,0.18740399385560677
prediction.393,Beef,148,0.22734254992319508
prediction.393,Poultry,399,0.6129032258064516
prediction.393,Sheep,104,0.1597542242703533
prediction.394,Beef,99,0.15207373271889402
prediction.394,Poultry,422,0.6482334869431644
prediction.394,Sheep,130,0.19969278033794163
prediction.395,Beef,125,0.19201228878648233
prediction.395,Poultry,424,0.6513056835637481
prediction.395,Sheep,102,0.15668202764976957
prediction.396,Beef,141,0.21658986175115208
prediction.396,Poultry,391,0.6006144393241167
prediction.396,Sheep,119,0.1827956989247312
prediction.397,Beef,184,0.282642089093702
prediction.397,Poultry,394,0.6052227342549923
prediction.397,Sheep,73,0.11213517665130568
prediction.398,Beef,140,0.21505376344086022
prediction.398,Poultry,429,0.6589861751152074
prediction.398,Sheep,82,0.1259600614439324
prediction.399,Beef,125,0.19201228878648233
prediction.399,Poultry,452,0.6943164362519201
prediction.399,Sheep,74,0.11367127496159754
prediction.4,Beef,124,0.19047619047619047
prediction.4,Poultry,418,0.642089093701997
prediction.4,Sheep,109,0.1674347158218126
prediction.40,Beef,157,0.2411674347158218
prediction.40,Poultry,410,0.6298003072196621
prediction.40,Sheep,84,0.12903225806451613
prediction.400,Beef,142,0.21812596006144394
prediction.400,Poultry,393,0.6036866359447005
prediction.400,Sheep,116,0.1781874039938556
prediction.401,Beef,134,0.20583717357910905
prediction.401,Poultry,361,0.554531490015361
prediction.401,Sheep,156,0.23963133640552994
prediction.402,Beef,161,0.24731182795698925
prediction.402,Poultry,379,0.5821812596006144
prediction.402,Sheep,111,0.17050691244239632
prediction.403,Beef,112,0.17204301075268819
prediction.403,Poultry,438,0.6728110599078341
prediction.403,Sheep,101,0.15514592933947774
prediction.404,Beef,149,0.22887864823348694
prediction.404,Poultry,358,0.5499231950844854
prediction.404,Sheep,144,0.22119815668202766
prediction.405,Beef,173,0.26574500768049153
prediction.405,Poultry,369,0.5668202764976958
prediction.405,Sheep,109,0.1674347158218126
prediction.406,Beef,140,0.21505376344086022
prediction.406,Poultry,410,0.6298003072196621
prediction.406,Sheep,101,0.15514592933947774
prediction.407,Beef,95,0.14592933947772657
prediction.407,Poultry,421,0.6466973886328725
prediction.407,Sheep,135,0.2073732718894009
prediction.408,Beef,168,0.25806451612903225
prediction.408,Poultry,377,0.5791090629800307
prediction.408,Sheep,106,0.16282642089093702
prediction.409,Beef,124,0.19047619047619047
prediction.409,Poultry,399,0.6129032258064516
prediction.409,Sheep,128,0.1966205837173579
prediction.41,Beef,141,0.21658986175115208
prediction.41,Poultry,407,0.6251920122887865
prediction.41,Sheep,103,0.15821812596006143
prediction.410,Beef,109,0.1674347158218126
prediction.410,Poultry,400,0.6144393241167435
prediction.410,Sheep,142,0.21812596006144394
prediction.411,Beef,131,0.2012288786482335
prediction.411,Poultry,362,0.5560675883256528
prediction.411,Sheep,158,0.24270353302611367
prediction.412,Beef,157,0.2411674347158218
prediction.412,Poultry,394,0.6052227342549923
prediction.412,Sheep,100,0.15360983102918588
prediction.413,Beef,168,0.25806451612903225
prediction.413,Poultry,352,0.5407066052227343
prediction.413,Sheep,131,0.2012288786482335
prediction.414,Beef,117,0.17972350230414746
prediction.414,Poultry,427,0.6559139784946236
prediction.414,Sheep,107,0.16436251920122888
prediction.415,Beef,182,0.27956989247311825
prediction.415,Poultry,370,0.5683563748079877
prediction.415,Sheep,99,0.15207373271889402
prediction.416,Beef,135,0.2073732718894009
prediction.416,Poultry,394,0.6052227342549923
prediction.416,Sheep,122,0.18740399385560677
prediction.417,Beef,169,0.25960061443932414
prediction.417,Poultry,374,0.5745007680491552
prediction.417,Sheep,108,0.16589861751152074
prediction.418,Beef,174,0.2672811059907834
prediction.418,Poultry,367,0.5637480798771122
prediction.418,Sheep,110,0.16897081413210446
prediction.419,Beef,168,0.25806451612903225
prediction.419,Poultry,350,0.5376344086021505
prediction.419,Sheep,133,0.20430107526881722
prediction.42,Beef,134,0.20583717357910905
prediction.42,Poultry,403,0.6190476190476191
prediction.42,Sheep,114,0.17511520737327188
prediction.420,Beef,118,0.18125960061443933
prediction.420,Poultry,395,0.6067588325652842
prediction.420,Sheep,138,0.2119815668202765
prediction.421,Beef,166,0.25499231950844853
prediction.421,Poultry,399,0.6129032258064516
prediction.421,Sheep,86,0.13210445468509985
prediction.422,Beef,139,0.21351766513056836
prediction.422,Poultry,410,0.6298003072196621
prediction.422,Sheep,102,0.15668202764976957
prediction.423,Beef,138,0.2119815668202765
prediction.423,Poultry,401,0.6159754224270353
prediction.423,Sheep,112,0.17204301075268819
prediction.424,Beef,151,0.23195084485407066
prediction.424,Poultry,373,0.5729646697388633
prediction.424,Sheep,127,0.19508448540706605
prediction.425,Beef,166,0.25499231950844853
prediction.425,Poultry,334,0.5130568356374808
prediction.425,Sheep,151,0.23195084485407066
prediction.426,Beef,172,0.2642089093701997
prediction.426,Poultry,383,0.5883256528417818
prediction.426,Sheep,96,0.14746543778801843
prediction.427,Beef,142,0.21812596006144394
prediction.427,Poultry,418,0.642089093701997
prediction.427,Sheep,91,0.13978494623655913
prediction.428,Beef,162,0.2488479262672811
prediction.428,Poultry,386,0.5929339477726574
prediction.428,Sheep,103,0.15821812596006143
prediction.429,Beef,144,0.22119815668202766
prediction.429,Poultry,360,0.5529953917050692
prediction.429,Sheep,147,0.22580645161290322
prediction.43,Beef,153,0.2350230414746544
prediction.43,Poultry,410,0.6298003072196621
prediction.43,Sheep,88,0.13517665130568357
prediction.430,Beef,147,0.22580645161290322
prediction.430,Poultry,383,0.5883256528417818
prediction.430,Sheep,121,0.1858678955453149
prediction.431,Beef,121,0.1858678955453149
prediction.431,Poultry,393,0.6036866359447005
prediction.431,Sheep,137,0.21044546850998463
prediction.432,Beef,173,0.26574500768049153
prediction.432,Poultry,395,0.6067588325652842
prediction.432,Sheep,83,0.12749615975422426
prediction.433,Beef,169,0.25960061443932414
prediction.433,Poultry,342,0.5253456221198156
prediction.433,Sheep,140,0.21505376344086022
prediction.434,Beef,119,0.1827956989247312
prediction.434,Poultry,407,0.6251920122887865
prediction.434,Sheep,125,0.19201228878648233
prediction.435,Beef,118,0.18125960061443933
prediction.435,Poultry,422,0.6482334869431644
prediction.435,Sheep,111,0.17050691244239632
prediction.436,Beef,154,0.23655913978494625
prediction.436,Poultry,375,0.576036866359447
prediction.436,Sheep,122,0.18740399385560677
prediction.437,Beef,200,0.30721966205837176
prediction.437,Poultry,376,0.5775729646697388
prediction.437,Sheep,75,0.1152073732718894
prediction.438,Beef,152,0.23348694316436253
prediction.438,Poultry,375,0.576036866359447
prediction.438,Sheep,124,0.19047619047619047
prediction.439,Beef,194,0.2980030721966206
prediction.439,Poultry,320,0.4915514592933948
prediction.439,Sheep,137,0.21044546850998463
prediction.44,Beef,147,0.22580645161290322
prediction.44,Poultry,398,0.6113671274961597
prediction.44,Sheep,106,0.16282642089093702
prediction.440,Beef,189,0.2903225806451613
prediction.440,Poultry,348,0.5345622119815668
prediction.440,Sheep,114,0.17511520737327188
prediction.441,Beef,166,0.25499231950844853
prediction.441,Poultry,384,0.5898617511520737
prediction.441,Sheep,101,0.15514592933947774
prediction.442,Beef,150,0.2304147465437788
prediction.442,Poultry,376,0.5775729646697388
prediction.442,Sheep,125,0.19201228878648233
prediction.443,Beef,175,0.26881720430107525
prediction.443,Poultry,389,0.5975422427035331
prediction.443,Sheep,87,0.1336405529953917
prediction.444,Beef,144,0.22119815668202766
prediction.444,Poultry,391,0.6006144393241167
prediction.444,Sheep,116,0.1781874039938556
prediction.445,Beef,171,0.2626728110599078
prediction.445,Poultry,374,0.5745007680491552
prediction.445,Sheep,106,0.16282642089093702
prediction.446,Beef,92,0.141321044546851
prediction.446,Poultry,406,0.6236559139784946
prediction.446,Sheep,153,0.2350230414746544
prediction.447,Beef,104,0.1597542242703533
prediction.447,Poultry,397,0.6098310291858678
prediction.447,Sheep,150,0.2304147465437788
prediction.448,Beef,166,0.25499231950844853
prediction.448,Poultry,374,0.5745007680491552
prediction.448,Sheep,111,0.17050691244239632
prediction.449,Beef,156,0.23963133640552994
prediction.449,Poultry,363,0.5576036866359447
prediction.449,Sheep,132,0.20276497695852536
prediction.45,Beef,135,0.2073732718894009
prediction.45,Poultry,402,0.6175115207373272
prediction.45,Sheep,114,0.17511520737327188
prediction.450,Beef,207,0.31797235023041476
prediction.450,Poultry,359,0.5514592933947773
prediction.450,Sheep,85,0.130568356374808
prediction.451,Beef,158,0.24270353302611367
prediction.451,Poultry,365,0.5606758832565284
prediction.451,Sheep,128,0.1966205837173579
prediction.452,Beef,152,0.23348694316436253
prediction.452,Poultry,370,0.5683563748079877
prediction.452,Sheep,129,0.19815668202764977
prediction.453,Beef,173,0.26574500768049153
prediction.453,Poultry,373,0.5729646697388633
prediction.453,Sheep,105,0.16129032258064516
prediction.454,Beef,138,0.2119815668202765
prediction.454,Poultry,350,0.5376344086021505
prediction.454,Sheep,163,0.25038402457757297
prediction.455,Beef,154,0.23655913978494625
prediction.455,Poultry,366,0.5622119815668203
prediction.455,Sheep,131,0.2012288786482335
prediction.456,Beef,144,0.22119815668202766
prediction.456,Poultry,389,0.5975422427035331
prediction.456,Sheep,118,0.18125960061443933
prediction.457,Beef,144,0.22119815668202766
prediction.457,Poultry,406,0.6236559139784946
prediction.457,Sheep,101,0.15514592933947774
prediction.458,Beef,148,0.22734254992319508
prediction.458,Poultry,392,0.6021505376344086
prediction.458,Sheep,111,0.17050691244239632
prediction.459,Beef,125,0.19201228878648233
prediction.459,Poultry,417,0.6405529953917051
prediction.459,Sheep,109,0.1674347158218126
prediction.46,Beef,180,0.2764976958525346
prediction.46,Poultry,328,0.5038402457757296
prediction.46,Sheep,143,0.2196620583717358
prediction.460,Beef,131,0.2012288786482335
prediction.460,Poultry,410,0.6298003072196621
prediction.460,Sheep,110,0.16897081413210446
prediction.461,Beef,135,0.2073732718894009
prediction.461,Poultry,411,0.631336405529954
prediction.461,Sheep,105,0.16129032258064516
prediction.462,Beef,143,0.2196620583717358
prediction.462,Poultry,377,0.5791090629800307
prediction.462,Sheep,131,0.2012288786482335
prediction.463,Beef,123,0.1889400921658986
prediction.463,Poultry,416,0.6390168970814132
prediction.463,Sheep,112,0.17204301075268819
prediction.464,Beef,131,0.2012288786482335
prediction.464,Poultry,425,0.65284178187404
prediction.464,Sheep,95,0.14592933947772657
prediction.465,Beef,151,0.23195084485407066
prediction.465,Poultry,401,0.6159754224270353
prediction.465,Sheep,99,0.15207373271889402
prediction.466,Beef,129,0.19815668202764977
prediction.466,Poultry,401,0.6159754224270353
prediction.466,Sheep,121,0.1858678955453149
prediction.467,Beef,148,0.22734254992319508
prediction.467,Poultry,410,0.6298003072196621
prediction.467,Sheep,93,0.14285714285714285
prediction.468,Beef,115,0.17665130568356374
prediction.468,Poultry,394,0.6052227342549923
prediction.468,Sheep,142,0.21812596006144394
prediction.469,Beef,152,0.23348694316436253
prediction.469,Poultry,401,0.6159754224270353
prediction.469,Sheep,98,0.15053763440860216
prediction.47,Beef,153,0.2350230414746544
prediction.47,Poultry,376,0.5775729646697388
prediction.47,Sheep,122,0.18740399385560677
prediction.470,Beef,179,0.2749615975422427
prediction.470,Poultry,361,0.554531490015361
prediction.470,Sheep,111,0.17050691244239632
prediction.471,Beef,132,0.20276497695852536
prediction.471,Poultry,393,0.6036866359447005
prediction.471,Sheep,126,0.1935483870967742
prediction.472,Beef,170,0.261136712749616
prediction.472,Poultry,386,0.5929339477726574
prediction.472,Sheep,95,0.14592933947772657
prediction.473,Beef,126,0.1935483870967742
prediction.473,Poultry,431,0.6620583717357911
prediction.473,Sheep,94,0.1443932411674347
prediction.474,Beef,124,0.19047619047619047
prediction.474,Poultry,410,0.6298003072196621
prediction.474,Sheep,117,0.17972350230414746
prediction.475,Beef,106,0.16282642089093702
prediction.475,Poultry,436,0.6697388632872504
prediction.475,Sheep,109,0.1674347158218126
prediction.476,Beef,145,0.2227342549923195
prediction.476,Poultry,409,0.6282642089093702
prediction.476,Sheep,97,0.1490015360983103
prediction.477,Beef,176,0.27035330261136714
prediction.477,Poultry,395,0.6067588325652842
prediction.477,Sheep,80,0.1228878648233487
prediction.478,Beef,155,0.23809523809523808
prediction.478,Poultry,390,0.5990783410138248
prediction.478,Sheep,106,0.16282642089093702
prediction.479,Beef,140,0.21505376344086022
prediction.479,Poultry,398,0.6113671274961597
prediction.479,Sheep,113,0.17357910906298002
prediction.48,Beef,163,0.25038402457757297
prediction.48,Poultry,347,0.533026113671275
prediction.48,Sheep,141,0.21658986175115208
prediction.480,Beef,142,0.21812596006144394
prediction.480,Poultry,387,0.5944700460829493
prediction.480,Sheep,122,0.18740399385560677
prediction.481,Beef,184,0.282642089093702
prediction.481,Poultry,355,0.5453149001536098
prediction.481,Sheep,112,0.17204301075268819
prediction.482,Beef,105,0.16129032258064516
prediction.482,Poultry,430,0.6605222734254992
prediction.482,Sheep,116,0.1781874039938556
prediction.483,Beef,154,0.23655913978494625
prediction.483,Poultry,402,0.6175115207373272
prediction.483,Sheep,95,0.14592933947772657
prediction.484,Beef,138,0.2119815668202765
prediction.484,Poultry,398,0.6113671274961597
prediction.484,Sheep,115,0.17665130568356374
prediction.485,Beef,144,0.22119815668202766
prediction.485,Poultry,406,0.6236559139784946
prediction.485,Sheep,101,0.15514592933947774
prediction.486,Beef,192,0.29493087557603687
prediction.486,Poultry,365,0.5606758832565284
prediction.486,Sheep,94,0.1443932411674347
prediction.487,Beef,143,0.2196620583717358
prediction.487,Poultry,387,0.5944700460829493
prediction.487,Sheep,121,0.1858678955453149
prediction.488,Beef,150,0.2304147465437788
prediction.488,Poultry,381,0.5852534562211982
prediction.488,Sheep,120,0.18433179723502305
prediction.489,Beef,156,0.23963133640552994
prediction.489,Poultry,399,0.6129032258064516
prediction.489,Sheep,96,0.14746543778801843
prediction.49,Beef,174,0.2672811059907834
prediction.49,Poultry,333,0.511520737327189
prediction.49,Sheep,144,0.22119815668202766
prediction.490,Beef,166,0.25499231950844853
prediction.490,Poultry,385,0.5913978494623656
prediction.490,Sheep,100,0.15360983102918588
prediction.491,Beef,133,0.20430107526881722
prediction.491,Poultry,417,0.6405529953917051
prediction.491,Sheep,101,0.15514592933947774
prediction.492,Beef,165,0.2534562211981567
prediction.492,Poultry,352,0.5407066052227343
prediction.492,Sheep,134,0.20583717357910905
prediction.493,Beef,153,0.2350230414746544
prediction.493,Poultry,333,0.511520737327189
prediction.493,Sheep,165,0.2534562211981567
prediction.494,Beef,143,0.2196620583717358
prediction.494,Poultry,410,0.6298003072196621
prediction.494,Sheep,98,0.15053763440860216
prediction.495,Beef,127,0.19508448540706605
prediction.495,Poultry,434,0.6666666666666666
prediction.495,Sheep,90,0.1382488479262673
prediction.496,Beef,152,0.23348694316436253
prediction.496,Poultry,395,0.6067588325652842
prediction.496,Sheep,104,0.1597542242703533
prediction.497,Beef,115,0.17665130568356374
prediction.497,Poultry,348,0.5345622119815668
prediction.497,Sheep,188,0.2887864823348694
prediction.498,Beef,115,0.17665130568356374
prediction.498,Poultry,411,0.631336405529954
prediction.498,Sheep,125,0.19201228878648233
prediction.499,Beef,152,0.23348694316436253
prediction.499,Poultry,395,0.6067588325652842
prediction.499,Sheep,104,0.1597542242703533
prediction.5,Beef,147,0.22580645161290322
prediction.5,Poultry,365,0.5606758832565284
prediction.5,Sheep,139,0.21351766513056836
prediction.50,Beef,121,0.1858678955453149
prediction.50,Poultry,402,0.6175115207373272
prediction.50,Sheep,128,0.1966205837173579
prediction.500,Beef,139,0.21351766513056836
prediction.500,Poultry,412,0.6328725038402457
prediction.500,Sheep,100,0.15360983102918588
prediction.51,Beef,121,0.1858678955453149
prediction.51,Poultry,405,0.6221198156682027
prediction.51,Sheep,125,0.19201228878648233
prediction.52,Beef,125,0.19201228878648233
prediction.52,Poultry,379,0.5821812596006144
prediction.52,Sheep,147,0.22580645161290322
prediction.53,Beef,119,0.1827956989247312
prediction.53,Poultry,415,0.6374807987711214
prediction.53,Sheep,117,0.17972350230414746
prediction.54,Beef,157,0.2411674347158218
prediction.54,Poultry,408,0.6267281105990783
prediction.54,Sheep,86,0.13210445468509985
prediction.55,Beef,148,0.22734254992319508
prediction.55,Poultry,414,0.6359447004608295
prediction.55,Sheep,89,0.13671274961597543
prediction.56,Beef,130,0.19969278033794163
prediction.56,Poultry,388,0.5960061443932412
prediction.56,Sheep,133,0.20430107526881722
prediction.57,Beef,143,0.2196620583717358
prediction.57,Poultry,438,0.6728110599078341
prediction.57,Sheep,70,0.10752688172043011
prediction.58,Beef,146,0.22427035330261136
prediction.58,Poultry,376,0.5775729646697388
prediction.58,Sheep,129,0.19815668202764977
prediction.59,Beef,183,0.28110599078341014
prediction.59,Poultry,364,0.5591397849462365
prediction.59,Sheep,104,0.1597542242703533
prediction.6,Beef,140,0.21505376344086022
prediction.6,Poultry,381,0.5852534562211982
prediction.6,Sheep,130,0.19969278033794163
prediction.60,Beef,121,0.1858678955453149
prediction.60,Poultry,444,0.6820276497695853
prediction.60,Sheep,86,0.13210445468509985
prediction.61,Beef,125,0.19201228878648233
prediction.61,Poultry,417,0.6405529953917051
prediction.61,Sheep,109,0.1674347158218126
prediction.62,Beef,157,0.2411674347158218
prediction.62,Poultry,390,0.5990783410138248
prediction.62,Sheep,104,0.1597542242703533
prediction.63,Beef,162,0.2488479262672811
prediction.63,Poultry,387,0.5944700460829493
prediction.63,Sheep,102,0.15668202764976957
prediction.64,Beef,226,0.34715821812596004
prediction.64,Poultry,336,0.5161290322580645
prediction.64,Sheep,89,0.13671274961597543
prediction.65,Beef,171,0.2626728110599078
prediction.65,Poultry,381,0.5852534562211982
prediction.65,Sheep,99,0.15207373271889402
prediction.66,Beef,154,0.23655913978494625
prediction.66,Poultry,380,0.5837173579109063
prediction.66,Sheep,117,0.17972350230414746
prediction.67,Beef,165,0.2534562211981567
prediction.67,Poultry,381,0.5852534562211982
prediction.67,Sheep,105,0.16129032258064516
prediction.68,Beef,175,0.26881720430107525
prediction.68,Poultry,373,0.5729646697388633
prediction.68,Sheep,103,0.15821812596006143
prediction.69,Beef,140,0.21505376344086022
prediction.69,Poultry,415,0.6374807987711214
prediction.69,Sheep,96,0.14746543778801843
prediction.7,Beef,101,0.15514592933947774
prediction.7,Poultry,437,0.6712749615975423
prediction.7,Sheep,113,0.17357910906298002
prediction.70,Beef,143,0.2196620583717358
prediction.70,Poultry,372,0.5714285714285714
prediction.70,Sheep,136,0.20890937019969277
prediction.71,Beef,168,0.25806451612903225
prediction.71,Poultry,382,0.5867895545314901
prediction.71,Sheep,101,0.15514592933947774
prediction.72,Beef,128,0.1966205837173579
prediction.72,Poultry,439,0.674347158218126
prediction.72,Sheep,84,0.12903225806451613
prediction.73,Beef,104,0.1597542242703533
prediction.73,Poultry,430,0.6605222734254992
prediction.73,Sheep,117,0.17972350230414746
prediction.74,Beef,192,0.29493087557603687
prediction.74,Poultry,368,0.565284178187404
prediction.74,Sheep,91,0.13978494623655913
prediction.75,Beef,176,0.27035330261136714
prediction.75,Poultry,357,0.5483870967741935
prediction.75,Sheep,118,0.18125960061443933
prediction.76,Beef,196,0.3010752688172043
prediction.76,Poultry,339,0.5207373271889401
prediction.76,Sheep,116,0.1781874039938556
prediction.77,Beef,141,0.21658986175115208
prediction.77,Poultry,390,0.5990783410138248
prediction.77,Sheep,120,0.18433179723502305
prediction.78,Beef,155,0.23809523809523808
prediction.78,Poultry,391,0.6006144393241167
prediction.78,Sheep,105,0.16129032258064516
prediction.79,Beef,97,0.1490015360983103
prediction.79,Poultry,442,0.6789554531490015
prediction.79,Sheep,112,0.17204301075268819
prediction.8,Beef,173,0.26574500768049153
prediction.8,Poultry,391,0.6006144393241167
prediction.8,Sheep,87,0.1336405529953917
prediction.80,Beef,99,0.15207373271889402
prediction.80,Poultry,405,0.6221198156682027
prediction.80,Sheep,147,0.22580645161290322
prediction.81,Beef,191,0.29339477726574503
prediction.81,Poultry,365,0.5606758832565284
prediction.81,Sheep,95,0.14592933947772657
prediction.82,Beef,151,0.23195084485407066
prediction.82,Poultry,401,0.6159754224270353
prediction.82,Sheep,99,0.15207373271889402
prediction.83,Beef,178,0.27342549923195086
prediction.83,Poultry,383,0.5883256528417818
prediction.83,Sheep,90,0.1382488479262673
prediction.84,Beef,184,0.282642089093702
prediction.84,Poultry,375,0.576036866359447
prediction.84,Sheep,92,0.141321044546851
prediction.85,Beef,141,0.21658986175115208
prediction.85,Poultry,397,0.6098310291858678
prediction.85,Sheep,113,0.17357910906298002
prediction.86,Beef,150,0.2304147465437788
prediction.86,Poultry,371,0.5698924731182796
prediction.86,Sheep,130,0.19969278033794163
prediction.87,Beef,134,0.20583717357910905
prediction.87,Poultry,403,0.6190476190476191
prediction.87,Sheep,114,0.17511520737327188
prediction.88,Beef,174,0.2672811059907834
prediction.88,Poultry,383,0.5883256528417818
prediction.88,Sheep,94,0.1443932411674347
prediction.89,Beef,132,0.20276497695852536
prediction.89,Poultry,432,0.663594470046083
prediction.89,Sheep,87,0.1336405529953917
prediction.9,Beef,143,0.2196620583717358
prediction.9,Poultry,332,0.5099846390168971
prediction.9,Sheep,176,0.27035330261136714
prediction.90,Beef,139,0.21351766513056836
prediction.90,Poultry,401,0.6159754224270353
prediction.90,Sheep,111,0.17050691244239632
prediction.91,Beef,169,0.25960061443932414
prediction.91,Poultry,378,0.5806451612903226
prediction.91,Sheep,104,0.1597542242703533
prediction.92,Beef,159,0.24423963133640553
prediction.92,Poultry,393,0.6036866359447005
prediction.92,Sheep,99,0.15207373271889402
prediction.93,Beef,140,0.21505376344086022
prediction.93,Poultry,399,0.6129032258064516
prediction.93,Sheep,112,0.17204301075268819
prediction.94,Beef,146,0.22427035330261136
prediction.94,Poultry,397,0.6098310291858678
prediction.94,Sheep,108,0.16589861751152074
prediction.95,Beef,183,0.28110599078341014
prediction.95,Poultry,364,0.5591397849462365
prediction.95,Sheep,104,0.1597542242703533
prediction.96,Beef,132,0.20276497695852536
prediction.96,Poultry,409,0.6282642089093702
prediction.96,Sheep,110,0.16897081413210446
prediction.97,Beef,104,0.1597542242703533
prediction.97,Poultry,353,0.5422427035330261
prediction.97,Sheep,194,0.2980030721966206
prediction.98,Beef,170,0.261136712749616
prediction.98,Poultry,346,0.5314900153609831
prediction.98,Sheep,135,0.2073732718894009
prediction.99,Beef,119,0.1827956989247312
prediction.99,Poultry,394,0.6052227342549923
prediction.99,Sheep,138,0.2119815668202765
